Order Date,Aggregate Sales,label
2014-01-03,16.448,past
2014-01-04,288.06,past
2014-01-05,19.536,past
2014-01-06,4407.1,past
2014-01-07,87.15799999999999,past
2014-01-09,40.544,past
2014-01-10,54.83,past
2014-01-11,9.94,past
2014-01-13,3553.795,past
2014-01-14,61.96,past
2014-01-15,149.95,past
2014-01-16,299.964,past
2014-01-18,64.864,past
2014-01-19,378.594,past
2014-01-20,2673.87,past
2014-01-21,25.248,past
2014-01-23,46.02,past
2014-01-26,1097.25,past
2014-01-27,426.67,past
2014-01-28,3.928,past
2014-01-30,240.5,past
2014-01-31,290.666,past
2014-02-01,468.9,past
2014-02-02,211.646,past
2014-02-03,97.112,past
2014-02-04,134.384,past
2014-02-06,330.512,past
2014-02-07,180.32,past
2014-02-08,14.56,past
2014-02-11,2043.4,past
2014-02-12,129.568,past
2014-02-14,576.726,past
2014-02-15,21.36,past
2014-02-16,9.04,past
2014-02-17,54.208,past
2014-02-18,37.784,past
2014-02-20,95.59,past
2014-02-21,8.85,past
2014-02-22,19.44,past
2014-02-23,11.364,past
2014-02-24,55.672,past
2014-02-27,19.456,past
2014-03-01,2203.151,past
2014-03-02,202.384,past
2014-03-03,1345.8919999999998,past
2014-03-04,370.452,past
2014-03-05,705.562,past
2014-03-07,1561.062,past
2014-03-10,741.956,past
2014-03-11,918.314,past
2014-03-14,2108.55,past
2014-03-15,370.782,past
2014-03-16,471.92,past
2014-03-17,3960.358,past
2014-03-18,28106.716,past
2014-03-19,590.762,past
2014-03-21,4109.816,past
2014-03-22,464.093,past
2014-03-23,945.064,past
2014-03-24,65.38,past
2014-03-25,459.146,past
2014-03-26,145.13,past
2014-03-28,1823.804,past
2014-03-29,890.841,past
2014-03-30,1170.322,past
2014-03-31,1959.552,past
2014-04-01,119.888,past
2014-04-02,1458.558,past
2014-04-03,233.45,past
2014-04-04,475.844,past
2014-04-05,5295.098000000001,past
2014-04-06,1650.69,past
2014-04-07,1021.17,past
2014-04-08,1958.75,past
2014-04-11,1915.24,past
2014-04-12,1912.123,past
2014-04-13,638.576,past
2014-04-15,294.72,past
2014-04-16,39.072,past
2014-04-18,1020.532,past
2014-04-19,205.47,past
2014-04-20,1250.45,past
2014-04-21,845.36,past
2014-04-22,257.752,past
2014-04-23,643.98,past
2014-04-25,2379.994,past
2014-04-26,282.568,past
2014-04-28,2578.476,past
2014-04-29,768.8439999999999,past
2014-04-30,1048.74,past
2014-05-02,506.12,past
2014-05-03,72.632,past
2014-05-04,187.432,past
2014-05-05,260.977,past
2014-05-06,254.456,past
2014-05-07,1091.35,past
2014-05-08,1799.97,past
2014-05-09,394.48,past
2014-05-10,2343.799,past
2014-05-11,1642.802,past
2014-05-12,734.846,past
2014-05-13,898.382,past
2014-05-14,310.88,past
2014-05-16,289.28,past
2014-05-17,91.68,past
2014-05-18,948.948,past
2014-05-19,91.62,past
2014-05-20,320.10400000000004,past
2014-05-21,4264.328,past
2014-05-22,180.93,past
2014-05-23,323.75800000000004,past
2014-05-24,116.28,past
2014-05-25,119.54,past
2014-05-26,1325.718,past
2014-05-27,2157.394,past
2014-05-28,221.968,past
2014-05-30,1924.913,past
2014-05-31,773.7,past
2014-06-01,5188.52,past
2014-06-02,738.598,past
2014-06-03,741.336,past
2014-06-04,456.272,past
2014-06-06,1374.0010000000002,past
2014-06-07,281.397,past
2014-06-08,2501.264,past
2014-06-09,5463.008,past
2014-06-10,491.55,past
2014-06-13,14.52,past
2014-06-14,212.94,past
2014-06-15,942.974,past
2014-06-16,763.792,past
2014-06-17,3418.5020000000004,past
2014-06-18,139.8,past
2014-06-20,1828.9496,past
2014-06-21,4107.443,past
2014-06-22,1975.498,past
2014-06-23,109.496,past
2014-06-24,4.272,past
2014-06-25,792.76,past
2014-06-27,616.14,past
2014-06-28,1645.791,past
2014-06-29,46.68,past
2014-06-30,739.624,past
2014-07-01,601.0239999999999,past
2014-07-02,79.56,past
2014-07-04,247.408,past
2014-07-05,1444.104,past
2014-07-06,1038.472,past
2014-07-07,241.194,past
2014-07-08,763.0740000000001,past
2014-07-09,265.521,past
2014-07-11,2187.206,past
2014-07-12,1960.012,past
2014-07-13,351.216,past
2014-07-14,292.594,past
2014-07-15,9.51,past
2014-07-18,273.04,past
2014-07-19,461.326,past
2014-07-20,2285.786,past
2014-07-21,1961.482,past
2014-07-22,1348.344,past
2014-07-23,2613.184,past
2014-07-25,8341.289999999999,past
2014-07-26,5039.994,past
2014-07-27,580.06,past
2014-07-28,193.152,past
2014-07-30,1367.84,past
2014-08-01,228.328,past
2014-08-02,886.28,past
2014-08-03,477.994,past
2014-08-04,2743.154,past
2014-08-05,2408.724,past
2014-08-06,262.89,past
2014-08-08,3955.629,past
2014-08-09,3605.685,past
2014-08-11,451.62,past
2014-08-12,1832.38,past
2014-08-15,842.7819999999999,past
2014-08-16,853.092,past
2014-08-17,500.342,past
2014-08-19,1439.106,past
2014-08-20,1838.722,past
2014-08-22,23.104,past
2014-08-23,565.224,past
2014-08-24,59.74,past
2014-08-25,1451.65,past
2014-08-26,366.81,past
2014-08-27,2070.13,past
2014-08-29,832.3225,past
2014-08-30,121.24,past
2014-08-31,92.52,past
2014-09-01,469.436,past
2014-09-02,3254.15,past
2014-09-03,22.08,past
2014-09-05,296.304,past
2014-09-06,100.36,past
2014-09-07,3523.875,past
2014-09-08,14228.428,past
2014-09-09,4043.588,past
2014-09-10,1855.228,past
2014-09-11,127.95,past
2014-09-12,4904.66,past
2014-09-13,1275.408,past
2014-09-14,5023.716,past
2014-09-15,133.436,past
2014-09-16,33.552,past
2014-09-17,820.523,past
2014-09-19,9338.637,past
2014-09-20,5335.968000000001,past
2014-09-21,2679.652,past
2014-09-22,1240.266,past
2014-09-23,10662.337,past
2014-09-24,211.96,past
2014-09-25,354.88880000000006,past
2014-09-26,1480.614,past
2014-09-27,773.4399999999999,past
2014-09-28,490.292,past
2014-09-29,8109.07,past
2014-09-30,987.532,past
2014-10-01,4.71,past
2014-10-02,598.144,past
2014-10-03,862.683,past
2014-10-04,728.7479999999999,past
2014-10-05,191.9,past
2014-10-06,494.71,past
2014-10-07,237.36,past
2014-10-08,147.392,past
2014-10-09,249.36,past
2014-10-10,2049.386,past
2014-10-11,1381.164,past
2014-10-12,58.53,past
2014-10-13,2212.182,past
2014-10-14,4525.484,past
2014-10-15,206.724,past
2014-10-16,194.322,past
2014-10-17,136.068,past
2014-10-18,3134.916,past
2014-10-19,641.104,past
2014-10-20,1501.104,past
2014-10-21,1356.602,past
2014-10-22,223.808,past
2014-10-24,56.49,past
2014-10-25,103.882,past
2014-10-26,447.88,past
2014-10-27,22.32,past
2014-10-28,1510.582,past
2014-10-29,2813.8120000000004,past
2014-10-31,5362.026,past
2014-11-01,4732.08,past
2014-11-02,2126.37,past
2014-11-03,2784.163,past
2014-11-04,6693.7480000000005,past
2014-11-05,1694.564,past
2014-11-06,43.68,past
2014-11-07,1449.142,past
2014-11-08,333.576,past
2014-11-09,1574.094,past
2014-11-10,2002.556,past
2014-11-11,8114.548,past
2014-11-12,1054.7612,past
2014-11-14,1034.73,past
2014-11-15,1780.822,past
2014-11-16,1355.9285,past
2014-11-17,11544.274,past
2014-11-18,3406.855,past
2014-11-19,7226.086,past
2014-11-20,907.56,past
2014-11-21,1249.622,past
2014-11-22,1103.298,past
2014-11-23,1363.28,past
2014-11-24,5578.606,past
2014-11-25,4415.695,past
2014-11-26,1705.99,past
2014-11-27,203.66,past
2014-11-28,2280.83,past
2014-11-29,649.044,past
2014-11-30,219.154,past
2014-12-01,5624.39,past
2014-12-02,1771.808,past
2014-12-03,505.88,past
2014-12-04,129.98,past
2014-12-05,2963.642,past
2014-12-06,1970.978,past
2014-12-07,548.4,past
2014-12-08,1095.12,past
2014-12-09,1522.652,past
2014-12-10,573.336,past
2014-12-12,4938.4045,past
2014-12-13,293.152,past
2014-12-14,7641.658,past
2014-12-15,1264.466,past
2014-12-16,4394.187,past
2014-12-17,45.534,past
2014-12-19,3436.76,past
2014-12-20,6962.4400000000005,past
2014-12-21,1933.44,past
2014-12-22,798.968,past
2014-12-23,942.108,past
2014-12-24,1950.202,past
2014-12-26,2041.414,past
2014-12-27,2966.388,past
2014-12-28,3732.296,past
2014-12-29,2072.096,past
2014-12-30,2172.6510000000003,past
2014-12-31,5253.27,past
2015-01-02,1932.096,past
2015-01-03,1768.2216,past
2015-01-04,264.46000000000004,past
2015-01-05,295.272,past
2015-01-06,31.538,past
2015-01-09,364.07,past
2015-01-10,1018.104,past
2015-01-12,854.614,past
2015-01-13,622.278,past
2015-01-17,350.384,past
2015-01-19,301.742,past
2015-01-23,43.66,past
2015-01-24,13.12,past
2015-01-26,182.72,past
2015-01-27,3573.252,past
2015-01-28,4297.644,past
2015-01-30,2161.6400000000003,past
2015-01-31,99.26,past
2015-02-03,492.836,past
2015-02-06,2432.544,past
2015-02-07,324.11,past
2015-02-08,129.09199999999998,past
2015-02-09,785.5519999999999,past
2015-02-10,77.24,past
2015-02-14,1079.962,past
2015-02-15,1602.38,past
2015-02-16,160.43,past
2015-02-18,105.844,past
2015-02-20,316.78000000000003,past
2015-02-21,2591.1,past
2015-02-22,79.36,past
2015-02-23,37.776,past
2015-02-25,25.87,past
2015-02-27,1159.2710000000002,past
2015-02-28,551.264,past
2015-03-01,1642.1744,past
2015-03-02,899.5699999999999,past
2015-03-05,1969.267,past
2015-03-06,1555.244,past
2015-03-07,807.54,past
2015-03-08,2563.2960000000003,past
2015-03-09,478.008,past
2015-03-10,90.932,past
2015-03-12,51.016000000000005,past
2015-03-13,1384.856,past
2015-03-14,707.9000000000001,past
2015-03-15,16.776,past
2015-03-16,7230.209999999999,past
2015-03-17,48.84,past
2015-03-19,5652.9396,past
2015-03-20,1548.194,past
2015-03-21,1270.379,past
2015-03-22,2481.424,past
2015-03-23,633.302,past
2015-03-24,412.95,past
2015-03-26,4623.37,past
2015-03-27,83.7,past
2015-03-28,243.344,past
2015-03-29,1559.0800000000002,past
2015-03-30,571.224,past
2015-03-31,200.716,past
2015-04-02,299.22,past
2015-04-04,1484.598,past
2015-04-05,2974.058,past
2015-04-06,140.004,past
2015-04-07,907.436,past
2015-04-09,757.992,past
2015-04-10,169.54199999999997,past
2015-04-11,1328.346,past
2015-04-12,40.74,past
2015-04-13,3192.6780000000003,past
2015-04-14,35.208,past
2015-04-16,4161.972,past
2015-04-17,2745.106,past
2015-04-18,2006.96,past
2015-04-19,329.96,past
2015-04-20,1194.726,past
2015-04-21,893.0899999999999,past
2015-04-22,152.916,past
2015-04-24,25.99,past
2015-04-25,920.946,past
2015-04-26,2090.1055,past
2015-04-27,2719.59,past
2015-04-28,4044.362,past
2015-04-29,7.968,past
2015-04-30,1571.695,past
2015-05-01,450.94,past
2015-05-02,167.232,past
2015-05-03,2198.76,past
2015-05-04,1121.362,past
2015-05-07,305.622,past
2015-05-08,3981.968,past
2015-05-09,48.81,past
2015-05-10,154.442,past
2015-05-11,191.968,past
2015-05-12,1060.35,past
2015-05-13,238.384,past
2015-05-14,3141.1995,past
2015-05-15,69.908,past
2015-05-16,255.968,past
2015-05-17,134.46800000000002,past
2015-05-18,10.86,past
2015-05-20,169.54399999999998,past
2015-05-21,72.332,past
2015-05-22,3862.098,past
2015-05-23,1304.956,past
2015-05-24,610.3069999999999,past
2015-05-25,1739.418,past
2015-05-26,982.564,past
2015-05-28,794.146,past
2015-05-29,1204.842,past
2015-05-30,681.1,past
2015-05-31,5178.138,past
2015-06-01,834.1980000000001,past
2015-06-04,1192.31,past
2015-06-05,1533.198,past
2015-06-07,59.768,past
2015-06-08,1083.112,past
2015-06-09,797.116,past
2015-06-11,3373.5640000000003,past
2015-06-12,174.476,past
2015-06-13,1128.898,past
2015-06-14,51.072,past
2015-06-15,734.144,past
2015-06-16,3443.904,past
2015-06-18,1883.087,past
2015-06-19,446.346,past
2015-06-20,829.544,past
2015-06-21,107.976,past
2015-06-22,2018.953,past
2015-06-23,836.9580000000001,past
2015-06-25,857.08,past
2015-06-26,1592.196,past
2015-06-28,1386.466,past
2015-06-29,432.926,past
2015-07-02,1631.902,past
2015-07-03,823.982,past
2015-07-04,1138.288,past
2015-07-05,121.646,past
2015-07-06,1379.812,past
2015-07-08,21.12,past
2015-07-09,1587.114,past
2015-07-10,43.286,past
2015-07-11,1941.952,past
2015-07-12,2052.567,past
2015-07-13,2033.256,past
2015-07-14,860.9159999999999,past
2015-07-16,3029.386,past
2015-07-17,448.082,past
2015-07-18,672.418,past
2015-07-19,2.025,past
2015-07-20,2693.168,past
2015-07-23,208.272,past
2015-07-24,525.95,past
2015-07-25,2395.024,past
2015-07-26,969.225,past
2015-07-27,29.97,past
2015-07-30,443.802,past
2015-07-31,3712.162,past
2015-08-01,1011.696,past
2015-08-02,1290.478,past
2015-08-05,72.65,past
2015-08-06,494.8692,past
2015-08-07,968.206,past
2015-08-08,840.102,past
2015-08-09,4878.392000000001,past
2015-08-10,851.4739999999999,past
2015-08-11,196.112,past
2015-08-13,586.896,past
2015-08-15,497.59,past
2015-08-16,3378.932,past
2015-08-17,381.64,past
2015-08-21,2827.52,past
2015-08-22,66.632,past
2015-08-23,1202.278,past
2015-08-24,7194.775000000001,past
2015-08-25,178.52599999999998,past
2015-08-27,639.9739999999999,past
2015-08-28,6491.293,past
2015-08-29,246.5,past
2015-08-31,2601.797,past
2015-09-01,2367.564,past
2015-09-03,1874.898,past
2015-09-04,1071.284,past
2015-09-05,934.103,past
2015-09-06,1005.654,past
2015-09-07,2922.667,past
2015-09-08,89.64,past
2015-09-10,1415.726,past
2015-09-11,1962.13,past
2015-09-12,707.824,past
2015-09-13,3445.772,past
2015-09-14,3262.42,past
2015-09-15,2535.85,past
2015-09-16,31.12,past
2015-09-17,11525.006,past
2015-09-18,3924.32,past
2015-09-19,500.38,past
2015-09-20,1836.052,past
2015-09-21,6982.058,past
2015-09-22,1783.504,past
2015-09-24,4220.594,past
2015-09-25,3033.757,past
2015-09-26,3722.273,past
2015-09-27,2382.958,past
2015-09-28,1058.364,past
2015-10-01,1158.414,past
2015-10-02,1269.266,past
2015-10-03,275.218,past
2015-10-04,505.58,past
2015-10-05,851.092,past
2015-10-08,222.12,past
2015-10-09,2133.5350000000003,past
2015-10-10,2248.194,past
2015-10-11,1011.8955,past
2015-10-12,2390.758,past
2015-10-13,371.66,past
2015-10-15,3219.554,past
2015-10-16,824.97,past
2015-10-17,77.88,past
2015-10-18,378.494,past
2015-10-19,2135.09,past
2015-10-20,720.086,past
2015-10-22,15.128,past
2015-10-23,2262.296,past
2015-10-24,831.145,past
2015-10-25,1425.412,past
2015-10-26,1395.333,past
2015-10-28,104.51,past
2015-10-29,244.24,past
2015-10-30,2122.044,past
2015-10-31,3211.009,past
2015-11-01,3106.106,past
2015-11-02,5528.551,past
2015-11-03,2800.846,past
2015-11-05,834.874,past
2015-11-06,11.481,past
2015-11-07,3073.073,past
2015-11-08,12196.997,past
2015-11-09,4620.292,past
2015-11-10,3536.904,past
2015-11-11,542.178,past
2015-11-12,1127.992,past
2015-11-13,3591.0772,past
2015-11-14,2512.71,past
2015-11-15,702.17,past
2015-11-16,4072.334,past
2015-11-17,3885.986,past
2015-11-19,1040.784,past
2015-11-20,2861.15,past
2015-11-21,3613.5748,past
2015-11-22,614.499,past
2015-11-23,3450.188,past
2015-11-24,1218.764,past
2015-11-25,13.12,past
2015-11-26,1484.082,past
2015-11-27,3109.7835,past
2015-11-28,1864.482,past
2015-11-29,2760.168,past
2015-11-30,1798.3970000000002,past
2015-12-01,7130.594,past
2015-12-03,1972.645,past
2015-12-04,5185.814,past
2015-12-05,897.322,past
2015-12-06,6061.502,past
2015-12-07,1338.298,past
2015-12-08,2672.728,past
2015-12-09,34.02,past
2015-12-10,3080.38,past
2015-12-11,1590.894,past
2015-12-12,1448.854,past
2015-12-13,1023.386,past
2015-12-14,858.304,past
2015-12-15,5494.796,past
2015-12-16,4.98,past
2015-12-17,1918.492,past
2015-12-18,935.288,past
2015-12-19,6120.656,past
2015-12-20,1107.464,past
2015-12-21,3257.76,past
2015-12-22,473.313,past
2015-12-23,194.32,past
2015-12-24,7484.566000000001,past
2015-12-25,4204.968,past
2015-12-26,561.486,past
2015-12-27,5148.4472,past
2015-12-28,79.2,past
2015-12-29,6.36,past
2015-12-30,3251.34,past
2015-12-31,1381.344,past
2016-01-02,405.92,past
2016-01-03,2095.83,past
2016-01-04,1069.22,past
2016-01-05,255.904,past
2016-01-07,83.576,past
2016-01-08,1859.158,past
2016-01-09,743.0459999999999,past
2016-01-10,174.75,past
2016-01-11,149.444,past
2016-01-14,405.344,past
2016-01-15,701.923,past
2016-01-16,102.218,past
2016-01-17,1040.55,past
2016-01-21,1167.056,past
2016-01-22,917.63,past
2016-01-23,1732.3,past
2016-01-24,31.36,past
2016-01-25,858.712,past
2016-01-28,39.68,past
2016-01-30,3107.316,past
2016-01-31,1601.554,past
2016-02-01,161.97,past
2016-02-02,8996.784,past
2016-02-03,866.4,past
2016-02-04,197.868,past
2016-02-05,2994.476,past
2016-02-06,132.224,past
2016-02-07,762.142,past
2016-02-08,1369.476,past
2016-02-09,121.83,past
2016-02-11,69.93,past
2016-02-12,1366.04,past
2016-02-13,146.82,past
2016-02-14,837.921,past
2016-02-15,407.072,past
2016-02-16,1135.638,past
2016-02-19,392.66,past
2016-02-20,16.496,past
2016-02-21,1524.126,past
2016-02-22,983.17,past
2016-02-23,57.576,past
2016-02-25,46.72,past
2016-02-27,243.892,past
2016-02-28,36.48,past
2016-02-29,111.104,past
2016-03-01,6285.8060000000005,past
2016-03-03,7264.422,past
2016-03-04,315.45,past
2016-03-05,162.344,past
2016-03-06,811.303,past
2016-03-07,21.072,past
2016-03-08,2190.81,past
2016-03-09,635.6,past
2016-03-10,7879.734,past
2016-03-11,896.0219999999999,past
2016-03-12,1694.6419999999998,past
2016-03-13,8866.882,past
2016-03-14,669.3679999999999,past
2016-03-15,2356.808,past
2016-03-17,2360.3340000000003,past
2016-03-18,1061.682,past
2016-03-19,138.68,past
2016-03-20,928.311,past
2016-03-21,645.7059999999999,past
2016-03-22,226.468,past
2016-03-24,745.774,past
2016-03-25,1346.97,past
2016-03-26,682.246,past
2016-03-27,92.7,past
2016-03-28,125.3,past
2016-03-29,2659.339,past
2016-03-30,11.34,past
2016-03-31,640.762,past
2016-04-01,2161.48,past
2016-04-02,1454.9,past
2016-04-03,441.198,past
2016-04-04,970.194,past
2016-04-05,1046.3339999999998,past
2016-04-06,1294.75,past
2016-04-07,1970.574,past
2016-04-08,2906.404,past
2016-04-09,1115.197,past
2016-04-10,950.594,past
2016-04-12,1542.53,past
2016-04-13,6.12,past
2016-04-14,1466.572,past
2016-04-15,2201.856,past
2016-04-16,9335.086,past
2016-04-17,421.085,past
2016-04-18,2514.538,past
2016-04-19,1414.132,past
2016-04-21,271.616,past
2016-04-22,1765.465,past
2016-04-23,720.368,past
2016-04-24,1607.1,past
2016-04-25,108.42,past
2016-04-26,434.646,past
2016-04-28,486.672,past
2016-04-30,142.208,past
2016-05-01,517.866,past
2016-05-02,1098.136,past
2016-05-03,1099.013,past
2016-05-05,2701.28,past
2016-05-06,236.96,past
2016-05-07,4835.976,past
2016-05-08,1340.244,past
2016-05-09,1283.512,past
2016-05-10,763.0200000000001,past
2016-05-11,5.98,past
2016-05-12,918.878,past
2016-05-14,455.93,past
2016-05-15,648.9119999999999,past
2016-05-16,880.4599999999999,past
2016-05-17,346.922,past
2016-05-18,122.22,past
2016-05-19,1582.008,past
2016-05-20,2471.913,past
2016-05-21,2718.2140000000004,past
2016-05-22,1799.2,past
2016-05-23,10560.978,past
2016-05-24,277.756,past
2016-05-25,1311.97,past
2016-05-26,1975.356,past
2016-05-27,5305.078,past
2016-05-28,2137.324,past
2016-05-29,1063.185,past
2016-05-30,8090.578,past
2016-05-31,438.859,past
2016-06-02,157.844,past
2016-06-03,71.088,past
2016-06-04,2316.523,past
2016-06-05,659.82,past
2016-06-06,6026.312,past
2016-06-07,51.562,past
2016-06-09,1688.4720000000002,past
2016-06-10,1412.3960000000002,past
2016-06-11,1623.416,past
2016-06-12,2962.563,past
2016-06-13,430.4380000000001,past
2016-06-14,3457.099,past
2016-06-15,173.488,past
2016-06-16,147.27499999999998,past
2016-06-17,3000.92,past
2016-06-18,541.938,past
2016-06-19,17.12,past
2016-06-20,1229.548,past
2016-06-21,577.108,past
2016-06-23,2475.094,past
2016-06-24,5310.952,past
2016-06-25,893.266,past
2016-06-26,1919.6,past
2016-06-27,778.7059999999999,past
2016-06-28,877.156,past
2016-06-29,191.88,past
2016-06-30,1352.9499999999998,past
2016-07-01,1724.376,past
2016-07-02,772.786,past
2016-07-03,847.6999999999999,past
2016-07-04,1651.301,past
2016-07-07,3882.231,past
2016-07-08,2616.512,past
2016-07-09,573.286,past
2016-07-10,895.895,past
2016-07-12,95.76,past
2016-07-14,2149.96,past
2016-07-15,380.2,past
2016-07-16,910.17,past
2016-07-17,2184.88,past
2016-07-18,2891.858,past
2016-07-19,1536.454,past
2016-07-20,89.95,past
2016-07-21,991.095,past
2016-07-22,1368.048,past
2016-07-23,654.587,past
2016-07-24,326.964,past
2016-07-25,5920.488,past
2016-07-28,2033.374,past
2016-07-29,819.154,past
2016-07-30,1770.7759999999998,past
2016-07-31,2174.1580000000004,past
2016-08-01,1124.648,past
2016-08-02,482.584,past
2016-08-03,248.82,past
2016-08-04,497.91,past
2016-08-05,197.05,past
2016-08-06,320.38800000000003,past
2016-08-07,179.97,past
2016-08-08,1115.204,past
2016-08-09,661.3539999999999,past
2016-08-11,151.82,past
2016-08-12,3951.9605,past
2016-08-13,731.524,past
2016-08-14,923.688,past
2016-08-15,1680.2659999999998,past
2016-08-16,204.54,past
2016-08-17,15.712,past
2016-08-18,496.114,past
2016-08-19,448.792,past
2016-08-20,14.78,past
2016-08-21,4798.292,past
2016-08-22,405.35,past
2016-08-23,4187.348,past
2016-08-26,4874.298,past
2016-08-27,767.9110000000001,past
2016-08-28,322.0248,past
2016-08-29,632.188,past
2016-08-30,1656.87,past
2016-08-31,23.968,past
2016-09-01,5766.152,past
2016-09-02,6792.193,past
2016-09-03,2365.596,past
2016-09-04,4532.042,past
2016-09-05,5226.348,past
2016-09-06,1313.536,past
2016-09-08,4493.9836000000005,past
2016-09-09,84.992,past
2016-09-10,2094.324,past
2016-09-11,6501.586,past
2016-09-12,2043.792,past
2016-09-13,2374.73,past
2016-09-14,1137.338,past
2016-09-15,2101.182,past
2016-09-16,425.886,past
2016-09-17,2043.126,past
2016-09-18,4751.082,past
2016-09-19,3839.312,past
2016-09-20,1232.004,past
2016-09-22,615.57,past
2016-09-23,1322.145,past
2016-09-24,2286.05,past
2016-09-25,3443.091,past
2016-09-26,2698.1665,past
2016-09-27,1992.9858,past
2016-09-28,99.136,past
2016-09-29,1307.792,past
2016-09-30,525.884,past
2016-10-01,781.414,past
2016-10-02,18452.972,past
2016-10-03,1680.696,past
2016-10-04,5912.782,past
2016-10-06,830.4000000000001,past
2016-10-07,973.712,past
2016-10-08,561.5360000000001,past
2016-10-09,546.92,past
2016-10-10,282.75300000000004,past
2016-10-11,33.064,past
2016-10-13,1650.618,past
2016-10-14,3335.888,past
2016-10-15,1620.15,past
2016-10-16,142.182,past
2016-10-17,2953.346,past
2016-10-18,307.92,past
2016-10-20,946.174,past
2016-10-21,7951.592,past
2016-10-22,188.28,past
2016-10-23,467.422,past
2016-10-24,1365.498,past
2016-10-25,783.96,past
2016-10-27,978.79,past
2016-10-28,2899.021,past
2016-10-29,131.154,past
2016-10-30,159.002,past
2016-10-31,3750.499,past
2016-11-01,453.374,past
2016-11-03,3802.796,past
2016-11-04,3888.818,past
2016-11-05,4266.8988,past
2016-11-06,773.2560000000001,past
2016-11-07,3810.464,past
2016-11-08,993.9,past
2016-11-09,479.97,past
2016-11-10,4723.478,past
2016-11-11,4944.296,past
2016-11-12,4914.938,past
2016-11-13,2945.138,past
2016-11-14,2774.0620000000004,past
2016-11-15,2145.718,past
2016-11-16,36.72,past
2016-11-17,142.684,past
2016-11-18,3958.932,past
2016-11-19,638.462,past
2016-11-20,3070.333,past
2016-11-21,1176.891,past
2016-11-22,317.044,past
2016-11-23,100.616,past
2016-11-24,6394.5380000000005,past
2016-11-25,7978.551,past
2016-11-26,8329.743,past
2016-11-27,1651.239,past
2016-11-28,3428.372,past
2016-11-29,300.592,past
2016-11-30,970.142,past
2016-12-01,7365.455,past
2016-12-02,4684.616,past
2016-12-03,5269.816,past
2016-12-04,944.286,past
2016-12-05,5267.004,past
2016-12-06,3878.276,past
2016-12-08,4709.095,past
2016-12-09,1855.483,past
2016-12-10,3459.71,past
2016-12-11,6102.25,past
2016-12-12,1981.115,past
2016-12-13,1194.088,past
2016-12-14,828.654,past
2016-12-15,2637.087,past
2016-12-16,628.5419999999999,past
2016-12-17,12185.134,past
2016-12-18,7051.35,past
2016-12-19,815.1120000000001,past
2016-12-20,134.54,past
2016-12-22,1043.128,past
2016-12-23,6965.857,past
2016-12-24,1938.26,past
2016-12-25,10488.055,past
2016-12-26,1829.418,past
2016-12-27,959.49,past
2016-12-29,1277.68,past
2016-12-30,773.774,past
2016-12-31,731.768,past
2017-01-01,1481.8280000000002,past
2017-01-02,2079.554,past
2017-01-03,2070.272,past
2017-01-06,33.74,past
2017-01-07,3395.59,past
2017-01-08,892.98,past
2017-01-09,274.491,past
2017-01-12,848.52,past
2017-01-13,4619.33,past
2017-01-14,1056.038,past
2017-01-15,2140.28,past
2017-01-16,6230.292,past
2017-01-19,2013.715,past
2017-01-20,767.838,past
2017-01-21,2546.643,past
2017-01-22,4212.372,past
2017-01-23,450.334,past
2017-01-24,418.666,past
2017-01-26,3055.28,past
2017-01-27,331.914,past
2017-01-28,1007.52,past
2017-01-29,294.842,past
2017-01-30,3749.335,past
2017-02-02,913.354,past
2017-02-03,922.327,past
2017-02-04,32.67,past
2017-02-05,2263.012,past
2017-02-06,904.354,past
2017-02-09,773.7639999999999,past
2017-02-10,227.103,past
2017-02-11,1241.516,past
2017-02-13,1058.43,past
2017-02-16,1337.442,past
2017-02-17,2964.8174,past
2017-02-18,287.326,past
2017-02-19,1314.59,past
2017-02-20,1150.29,past
2017-02-21,47.904,past
2017-02-23,117.79999999999998,past
2017-02-24,1448.676,past
2017-02-25,430.492,past
2017-02-26,2847.646,past
2017-02-28,17.62,past
2017-03-02,1450.126,past
2017-03-03,2000.104,past
2017-03-04,228.822,past
2017-03-05,1240.02,past
2017-03-06,778.236,past
2017-03-07,166.59,past
2017-03-08,843.1,past
2017-03-09,710.804,past
2017-03-10,1252.952,past
2017-03-11,1973.708,past
2017-03-12,353.28,past
2017-03-13,4791.35,past
2017-03-14,49.616,past
2017-03-16,2014.381,past
2017-03-17,542.746,past
2017-03-18,1027.758,past
2017-03-19,2166.248,past
2017-03-20,899.568,past
2017-03-21,3332.636,past
2017-03-23,14816.068,past
2017-03-24,1257.298,past
2017-03-25,3567.026,past
2017-03-26,3252.88,past
2017-03-27,2933.516,past
2017-03-28,1504.702,past
2017-03-29,81.4,past
2017-03-30,656.407,past
2017-03-31,4981.010799999999,past
2017-04-01,5972.988,past
2017-04-02,822.97,past
2017-04-03,32.528,past
2017-04-04,808.47,past
2017-04-06,114.42,past
2017-04-07,1971.2905,past
2017-04-08,6401.93,past
2017-04-09,1626.71,past
2017-04-10,755.529,past
2017-04-11,319.806,past
2017-04-12,69.66,past
2017-04-13,1345.8239999999998,past
2017-04-14,652.93,past
2017-04-15,332.338,past
2017-04-16,944.429,past
2017-04-17,3431.4590000000003,past
2017-04-20,2033.24,past
2017-04-21,1254.564,past
2017-04-22,947.692,past
2017-04-23,1199.222,past
2017-04-24,928.558,past
2017-04-25,678.113,past
2017-04-26,61.608,past
2017-04-27,576.5756,past
2017-04-28,795.296,past
2017-04-29,1053.26,past
2017-04-30,1390.1260000000002,past
2017-05-01,4108.37,past
2017-05-02,399.11,past
2017-05-03,1386.346,past
2017-05-04,1389.4050000000002,past
2017-05-05,185.123,past
2017-05-06,3183.3698,past
2017-05-07,2549.468,past
2017-05-08,3658.554000000001,past
2017-05-09,1078.222,past
2017-05-11,449.469,past
2017-05-12,970.384,past
2017-05-13,3066.378,past
2017-05-14,4182.062,past
2017-05-15,421.264,past
2017-05-16,221.024,past
2017-05-18,1830.508,past
2017-05-19,4919.182,past
2017-05-20,2997.578,past
2017-05-21,538.02,past
2017-05-22,336.56199999999995,past
2017-05-23,241.436,past
2017-05-25,886.026,past
2017-05-26,270.24,past
2017-05-27,2084.908,past
2017-05-28,1480.103,past
2017-05-29,691.108,past
2017-05-30,736.8904,past
2017-06-01,5058.362,past
2017-06-02,135.70600000000002,past
2017-06-03,2952.036,past
2017-06-04,279.414,past
2017-06-05,491.112,past
2017-06-06,31.35,past
2017-06-08,2227.038,past
2017-06-09,939.133,past
2017-06-10,2513.3430000000003,past
2017-06-11,1580.894,past
2017-06-12,1679.968,past
2017-06-13,1156.018,past
2017-06-15,4057.51,past
2017-06-16,2724.194,past
2017-06-17,3896.672,past
2017-06-18,1031.1555,past
2017-06-19,2115.941,past
2017-06-20,1028.228,past
2017-06-21,595.656,past
2017-06-22,579.019,past
2017-06-24,1287.614,past
2017-06-25,1508.352,past
2017-06-26,4224.136,past
2017-06-27,1644.906,past
2017-06-29,4521.9912,past
2017-06-30,4721.977,past
2017-07-01,639.83,past
2017-07-02,169.192,past
2017-07-03,6963.404,past
2017-07-05,476.354,past
2017-07-06,380.378,past
2017-07-07,1620.25,past
2017-07-08,1980.264,past
2017-07-09,1671.214,past
2017-07-10,359.21399999999994,past
2017-07-11,1728.892,past
2017-07-12,3.816,past
2017-07-13,504.542,past
2017-07-14,3598.934,past
2017-07-15,2132.229,past
2017-07-16,316.636,past
2017-07-17,2191.873,past
2017-07-18,2106.794,past
2017-07-20,2283.208,past
2017-07-21,3685.944,past
2017-07-22,556.3140000000001,past
2017-07-23,898.188,past
2017-07-24,2399.96,past
2017-07-25,798.742,past
2017-07-26,2012.302,past
2017-07-27,1142.68,past
2017-07-28,1170.564,past
2017-07-29,1391.294,past
2017-07-30,523.376,past
2017-07-31,1558.028,past
2017-08-01,2085.65,past
2017-08-03,531.348,past
2017-08-04,20.07,past
2017-08-05,503.676,past
2017-08-06,1424.026,past
2017-08-07,3479.624,past
2017-08-10,1823.07,past
2017-08-11,708.726,past
2017-08-12,3693.084,past
2017-08-13,2643.164,past
2017-08-14,440.736,past
2017-08-15,1949.872,past
2017-08-16,80.564,past
2017-08-17,9517.288,past
2017-08-18,7078.484,past
2017-08-19,512.446,past
2017-08-20,692.95,past
2017-08-21,8551.054,past
2017-08-22,524.54,past
2017-08-23,4590.344,past
2017-08-24,685.0560000000002,past
2017-08-25,361.988,past
2017-08-26,190.66,past
2017-08-27,6190.538,past
2017-08-28,1443.6319999999998,past
2017-08-29,235.468,past
2017-08-31,3162.83,past
2017-09-01,1261.81,past
2017-09-02,9354.854,past
2017-09-03,1595.849,past
2017-09-04,5360.202,past
2017-09-05,327.044,past
2017-09-07,3848.565,past
2017-09-08,2184.327,past
2017-09-09,4356.061,past
2017-09-10,2506.646,past
2017-09-11,5564.006,past
2017-09-12,491.55,past
2017-09-13,15.92,past
2017-09-14,4367.347,past
2017-09-15,7285.026,past
2017-09-16,849.65,past
2017-09-17,4979.226,past
2017-09-18,1511.93,past
2017-09-19,1648.188,past
2017-09-20,7359.918,past
2017-09-21,338.172,past
2017-09-22,7871.213,past
2017-09-23,2395.786,past
2017-09-24,6450.462,past
2017-09-25,1412.213,past
2017-09-26,1486.576,past
2017-09-28,559.271,past
2017-09-29,1944.08,past
2017-09-30,540.76,past
2017-10-01,2978.466,past
2017-10-02,5418.022,past
2017-10-03,2504.48,past
2017-10-04,19.98,past
2017-10-05,6684.616,past
2017-10-06,1499.652,past
2017-10-07,2749.21,past
2017-10-08,608.356,past
2017-10-09,1496.589,past
2017-10-10,239.358,past
2017-10-12,5635.354,past
2017-10-13,8405.802,past
2017-10-14,134.332,past
2017-10-15,1017.94,past
2017-10-16,3473.597,past
2017-10-17,126.352,past
2017-10-19,2781.8702000000003,past
2017-10-20,1333.858,past
2017-10-21,4537.201,past
2017-10-22,15158.877,past
2017-10-23,3352.394,past
2017-10-24,529.0849999999999,past
2017-10-26,999.868,past
2017-10-27,1086.32,past
2017-10-28,408.726,past
2017-10-29,46.96,past
2017-10-30,4025.73,past
2017-10-31,523.928,past
2017-11-01,2921.43,past
2017-11-02,6294.386,past
2017-11-03,4536.937,past
2017-11-04,10668.096,past
2017-11-05,2355.064,past
2017-11-06,4288.75,past
2017-11-07,2413.378,past
2017-11-08,384.1,past
2017-11-09,4751.492,past
2017-11-10,4007.548,past
2017-11-11,1815.218,past
2017-11-12,2911.386,past
2017-11-13,6633.4202000000005,past
2017-11-14,834.6579999999999,past
2017-11-15,559.2,past
2017-11-16,4755.234,past
2017-11-17,13694.8828,past
2017-11-18,1469.756,past
2017-11-19,7397.272,past
2017-11-20,2988.274,past
2017-11-21,2236.184,past
2017-11-22,35.712,past
2017-11-23,1153.109,past
2017-11-24,4959.641,past
2017-11-25,3666.157,past
2017-11-26,5048.1720000000005,past
2017-11-27,1618.254,past
2017-11-28,6912.944,past
2017-11-29,491.888,past
2017-11-30,6645.282,past
2017-12-01,5331.178,past
2017-12-02,9951.182,past
2017-12-03,1403.842,past
2017-12-04,2639.638,past
2017-12-05,1453.136,past
2017-12-06,10.68,past
2017-12-07,2916.514,past
2017-12-08,7643.041,past
2017-12-09,5470.39,past
2017-12-10,3873.559,past
2017-12-11,2823.965,past
2017-12-13,580.936,past
2017-12-14,3897.714,past
2017-12-15,306.88800000000003,past
2017-12-16,858.702,past
2017-12-17,2027.758,past
2017-12-18,3645.911,past
2017-12-19,1895.926,past
2017-12-20,377.736,past
2017-12-21,2140.94,past
2017-12-22,7442.021,past
2017-12-23,1926.776,past
2017-12-24,6233.054,past
2017-12-25,2698.927,past
2017-12-26,814.5939999999999,past
2017-12-27,177.636,past
2017-12-28,1657.3508000000002,past
2017-12-29,2915.534,past
2017-12-30,713.7900000000001,past
2017-12-31,2488.9220500965575,future
2018-01-01,2589.2169469568066,future
2018-01-02,1900.420622482834,future
2018-01-03,930.6878656764777,future
2018-01-04,2030.9040855732565,future
2018-01-05,2205.2257693761094,future
2018-01-06,1725.580691236035,future
2018-01-07,1834.5648729705308,future
2018-01-08,1979.0968600273654,future
2018-01-09,1342.5599844507683,future
2018-01-10,432.12199539613243,future
2018-01-11,1597.5110231557874,future
2018-01-12,1841.5807275823236,future
2018-01-13,1434.8390622214129,future
2018-01-14,1618.3770132776244,future
2018-01-15,1837.5571458257214,future
2018-01-16,1274.1918263092875,future
2018-01-17,433.89964681860624,future
2018-01-18,1664.9181303540045,future
2018-01-19,1968.7046713556924,future
2018-01-20,1614.4992588369091,future
2018-01-21,1842.2844921934031,future
2018-01-22,2096.5019294604144,future
2018-01-23,1558.253921753509,future
2018-01-24,732.6788395996196,future
2018-01-25,1967.77726314135,future
2018-01-26,2265.0207091943303,future
2018-01-27,1893.9161982430428,future
2018-01-28,2094.9620712701735,future
2018-01-29,2313.3541441694847,future
2018-01-30,1731.1715494014152,future
2018-01-31,854.7305109669596,future
2018-02-01,2033.3841019401173,future
2018-02-02,2270.1001609342366,future
2018-02-03,1835.9913857551123,future
2018-02-04,1973.2338241077518,future
2018-02-05,2128.7337341987977,future
2018-02-06,1486.2731034019498,future
2018-02-07,553.8230400769423,future
2018-02-08,1682.3040629882694,future
2018-02-09,1876.126422142564,future
2018-02-10,1407.6853847884702,future
2018-02-11,1520.2485571448474,future
2018-02-12,1661.595979141468,future
2018-02-13,1016.1439392514458,future
2018-02-14,92.2422610314452,future
2018-02-15,1240.9244865869143,future
2018-02-16,1466.444345230781,future
2018-02-17,1040.773542852899,future
2018-02-18,1206.4978888702508,future
2018-02-19,1410.4722900652146,future
2018-02-20,835.9652012652634,future
2018-02-21,-10.018212874435903,future
2018-02-22,1222.0445950248154,future
2018-02-23,1534.7643899654358,future
2018-02-24,1198.3753560024713,future
2018-02-25,1453.670777234364,future
2018-02-26,1745.6987736752249,future
2018-02-27,1255.9477017610939,future
2018-02-28,489.7094918135449,future
2018-03-01,1794.8987632308533,future
2018-03-02,2172.659455804054,future
2018-03-03,1891.9323382537343,future
2018-03-04,2192.418753702605,future
2018-03-05,2518.2995323504715,future
2018-03-06,2050.438160027501,future
2018-03-07,1293.756090143285,future
2018-03-08,2596.057800067939,future
2018-03-09,2958.637240812582,future
2018-03-10,2650.8391028582278,future
2018-03-11,2913.010468494589,future
2018-03-12,3190.2021337527544,future
2018-03-13,2664.349173814773,future
2018-03-14,1841.6192435932107,future
2018-03-15,3071.206921409624,future
2018-03-16,3355.9065354297036,future
2018-03-17,2966.637749801267,future
2018-03-18,3145.3603757470255,future
2018-03-19,3338.7386036069884,future
2018-03-20,2730.2851371524625,future
2018-03-21,1827.6746008515604,future
2018-03-22,2981.5053566675538,future
2018-03-23,3195.8429277544847,future
2018-03-24,2742.7199743730685,future
2018-03-25,2865.0298503128097,future
2018-03-26,3010.1743806412223,future
2018-03-27,2362.1966586193553,future
2018-03-28,1429.0884145858608,future
2018-03-29,2561.5511380433904,future
2018-03-30,2763.5440585372367,future
2018-03-31,2306.79370652903,future
2018-04-01,2433.7017341821147,future
2018-04-02,2591.011174735856,future
2018-04-03,1961.9613765601366,future
2018-04-04,1053.6205191952236,future
2018-04-05,2215.6741816413087,future
2018-04-06,2451.0023116969282,future
2018-04-07,2030.218535415089,future
2018-04-08,2194.607700030873,future
2018-04-09,2389.821058939229,future
2018-04-10,1798.058600961803,future
2018-04-11,925.426752480103,future
2018-04-12,2120.749316104288,future
2018-04-13,2386.1634748122474,future
2018-04-14,1991.6743800803358,future
2018-04-15,2178.103905172688,future
2018-04-16,2390.792775053507,future
2018-04-17,1811.7854959251522,future
2018-04-18,947.1863519380929,future
2018-04-19,2145.964486298292,future
2018-04-20,2410.540157922737,future
2018-04-21,2011.326053649845,future
2018-04-22,2189.6596864837265,future
2018-04-23,2391.4866144681214,future
2018-04-24,1799.5244848055668,future
2018-04-25,920.5967935256288,future
2018-04-26,2104.4150245683313,future
2018-04-27,2354.141911351038,future
2018-04-28,1940.9103405087312,future
2018-04-29,2106.734538151749,future
2018-04-30,2298.1738372623045,future
2018-05-01,1698.4795343361907,future
2018-05-02,814.9141558769661,future
2018-05-03,1997.5221452452731,future
2018-05-04,2249.6849678956623,future
2018-05-05,1842.635312800557,future
2018-05-06,2018.367089028916,future
2018-05-07,2223.301475649677,future
2018-05-08,1640.439396483947,future
2018-05-09,776.6895134031975,future
2018-05-10,1981.650439301197,future
2018-05-11,2258.179787456427,future
2018-05-12,1876.9242936075107,future
2018-05-13,2079.2472217948653,future
2018-05-14,2310.9127922645034,future
2018-05-15,1754.257466384696,future
2018-05-16,915.5366443208788,future
2018-05-17,2143.724952558374,future
2018-05-18,2441.1022421946263,future
2018-05-19,2077.799080260275,future
2018-05-20,2294.7375448262,future
2018-05-21,2537.3267257980965,future
2018-05-22,1987.642502173358,future
2018-05-23,1151.779965589511,future
2018-05-24,2378.6565632823417,future
2018-05-25,2670.5980605967925,future
2018-05-26,2297.881166790931,future
2018-05-27,2501.668775038975,future
2018-05-28,2727.697431837794,future
2018-05-29,2158.4468855617924,future
2018-05-30,1300.480419090052,future
2018-05-31,2503.2344203368352,future
2018-06-01,2769.5897051971992,future
2018-06-02,2370.39887209643,future
2018-06-03,2547.406082626435,future
2018-06-04,2746.9193223772863,future
2018-06-05,2151.9654131360576,future
2018-06-06,1269.6168739232298,future
2018-06-07,2449.769437241681,future
2018-06-08,2695.7030386379606,future
2018-06-09,2278.6008052731354,future
2018-06-10,2440.4626220067917,future
2018-06-11,2627.773446067702,future
2018-06-12,2023.6566900029734,future
2018-06-13,1135.2017502637323,future
2018-06-14,2312.244401237239,future
2018-06-15,2557.932723956679,future
2018-06-16,2143.2528897061175,future
2018-06-17,2309.9511222980036,future
2018-06-18,2504.2117148692855,future
2018-06-19,1908.8210948274657,future
2018-06-20,1030.506667671157,future
2018-06-21,2218.7288034770418,future
2018-06-22,2476.2582803110517,future
2018-06-23,2073.7131619225806,future
2018-06-24,2252.491112488365,future
2018-06-25,2458.456734561723,future
2018-06-26,1874.113673370991,future
2018-06-27,1005.9500138319095,future
2018-06-28,2203.2351808815574,future
2018-06-29,2468.6005591457174,future
2018-06-30,2072.5777676209163,future
2018-07-01,2256.5306072549815,future
2018-07-02,2466.340337728853,future
2018-07-03,1884.5741484531063,future
2018-07-04,1017.825518942617,future
2018-07-05,2215.504888541243,future
2018-07-06,2480.413094278023,future
2018-07-07,2083.2717801853823,future
2018-07-08,2265.647079862188,future
2018-07-09,2473.6265192012547,future
2018-07-10,1889.9792924690014,future
2018-07-11,1021.488883403372,future
2018-07-12,2217.736707622053,future
2018-07-13,2481.669463151585,future
2018-07-14,2084.124585641776,future
2018-07-15,2266.750262306662,future
2018-07-16,2475.680058893625,future
2018-07-17,1893.692372100436,future
2018-07-18,1027.5436891250636,future
2018-07-19,2226.754291391878,future
2018-07-20,2494.1790027164343,future
2018-07-21,2100.5372476413754,future
2018-07-22,2287.3387035231826,future
2018-07-23,2500.5643963161974,future
2018-07-24,1922.8332210248486,future
2018-07-25,1060.742617414536,future
2018-07-26,2263.6617755313614,future
2018-07-27,2534.309705787717,future
2018-07-28,2143.2921791495105,future
2018-07-29,2332.033574621561,future
2018-07-30,2546.4632588576133,future
2018-07-31,1969.1862823581546,future
2018-08-01,1106.8269609260244,future
2018-08-02,2308.8235947300586,future
2018-08-03,2578.006581100782,future
2018-08-04,2185.133893965887,future
2018-08-05,2371.819981567217,future
2018-08-06,2584.2177685518213,future
2018-08-07,2005.18365306532,future
2018-08-08,1141.614215575087,future
2018-08-09,2343.233077414738,future
2018-08-10,2613.16038266303,future
2018-08-11,2222.439119688055,future
2018-08-12,2412.9545956588577,future
2018-08-13,2631.10702288921,future
2018-08-14,2059.967383147322,future
2018-08-15,1206.605557245327,future
2018-08-16,2420.869415542014,future
2018-08-17,2705.947580383288,future
2018-08-18,2332.890287167508,future
2018-08-19,2543.5248347023207,future
2018-08-20,2784.125723117225,future
2018-08-21,2237.569743043315,future
2018-08-22,1410.6650564576494,future
2018-08-23,2652.9329720732253,future
2018-08-24,2967.175087672684,future
2018-08-25,2624.0001426651825,future
2018-08-26,2864.7469460926623,future
2018-08-27,3135.163313988722,future
2018-08-28,2617.57108177251,future
2018-08-29,1818.2060052956008,future
2018-08-30,3086.011004538458,future
2018-08-31,3423.215157819829,future
2018-09-01,3099.872516877974,future
2018-09-02,3356.7968336580298,future
2018-09-03,3639.2518641941215,future
2018-09-04,3129.127059091869,future
2018-09-05,2332.287216955787,future
2018-09-06,3597.374341793604,future
2018-09-07,3926.393928622731,future
2018-09-08,3589.2595971659193,future
2018-09-09,3826.732050112668,future
2018-09-10,4084.1119450880624,future
2018-09-11,3543.416452315086,future
2018-09-12,2710.728075524854,future
2018-09-13,3934.9940155892245,future
2018-09-14,4218.608374799861,future
2018-09-15,3831.9512273142564,future
2018-09-16,4016.320666333952,future
2018-09-17,4217.617574995405,future
2018-09-18,3618.5130701165167,future
2018-09-19,2725.7873873168746,future
2018-09-20,3889.118687053513,future
2018-09-21,4111.654283050733,future
2018-09-22,3664.5385211382936,future
2018-09-23,3789.8336157072054,future
2018-09-24,3934.19337747028,future
2018-09-25,3281.0199549131803,future
2018-09-26,2337.7925148604327,future
2018-09-27,3454.8464799526746,future
2018-09-28,3635.935942813988,future
2018-09-29,3152.75358232252,future
2018-09-30,3247.8444657947684,future
2018-10-01,3368.2737271082106,future
2018-10-02,2697.778280309094,future
2018-10-03,1744.0915139947379,future
2018-10-04,2857.719588514198,future
2018-10-05,3042.501947062433,future
2018-10-06,2570.130346485507,future
2018-10-07,2683.0627638959973,future
2018-10-08,2828.1921353189005,future
2018-10-09,2189.0000484169045,future
2018-10-10,1272.8842949663344,future
2018-10-11,2429.938865035048,future
2018-10-12,2663.5189541609393,future
2018-10-13,2244.7652505560727,future
2018-10-14,2415.5238204395832,future
2018-10-15,2622.0215102631605,future
2018-10-16,2047.0269497744116,future
2018-10-17,1197.1860217320664,future
2018-10-18,2421.810336827167,future
2018-10-19,2723.4512363282447,future
2018-10-20,2372.4335334602893,future
2018-10-21,2609.785246232665,future
2018-10-22,2880.923164039391,future
2018-10-23,2367.824242944629,future
2018-10-24,1576.3715925226752,future
2018-10-25,2855.1534754536633,future
2018-10-26,3206.0477104669353,future
2018-10-27,2898.7655437060944,future
2018-10-28,3173.7910825887757,future
2018-10-29,3476.0759652599577,future
2018-10-30,2987.2190833330046,future
2018-10-31,2212.819939294246,future
2018-11-01,3501.283877899623,future
2018-11-02,3854.4114047729418,future
2018-11-03,3541.9454893175107,future
2018-11-04,3804.512793087804,future
2018-11-05,4087.318364101155,future
2018-11-06,3572.3235081878197,future
2018-11-07,2765.595343240513,future
2018-11-08,4016.1062361701684,future
2018-11-09,4326.315336311947,future
2018-11-10,3966.7061465218867,future
2018-11-11,4178.71616298608,future
2018-11-12,4408.418261386651,future
2018-11-13,3838.683724794234,future
2018-11-14,2976.515649375599,future
2018-11-15,4171.831201233949,future
2018-11-16,4428.025250880248,future
2018-11-17,4016.4896732265097,future
2018-11-18,4179.524717996293,future
2018-11-19,4364.002521677156,future
2018-11-20,3753.513060453307,future
2018-11-21,2855.68168560005,future
2018-11-22,4020.937111092486,future
2018-11-23,4253.062757047859,future
2018-11-24,3823.7060843117306,future
2018-11-25,3975.282632718523,future
2018-11-26,4154.635092128426,future
2018-11-27,3545.1779057426784,future
2018-11-28,2654.2166812733576,future
2018-11-29,3831.721342015697,future
2018-11-30,4080.885907123845,future
2018-12-01,3672.649442964136,future
2018-12-02,3848.6147244984386,future
2018-12-03,4054.724683593423,future
2018-12-04,3473.4268162167896,future
2018-12-05,2611.0144267118512,future
2018-12-06,3816.4231815710355,future
2018-12-07,4091.815349482139,future
2018-12-08,3707.125715275037,future
2018-12-09,3903.005123289133,future
2018-12-10,4124.521128313786,future
2018-12-11,3553.3453264183872,future
2018-12-12,2695.1156587054916,future
2018-12-13,3898.2516045780794,future
2018-12-14,4164.554130013443,future
2018-12-15,3763.76392564282,future
2018-12-16,3936.513508970005,future
2018-12-17,4128.032370898367,future
2018-12-18,3520.334533863978,future
2018-12-19,2619.576710005888,future
2018-12-20,3774.8649772414806,future
2018-12-21,3988.8419482701092,future
2018-12-22,3532.228185062505,future
2018-12-23,3646.753756285486,future
2018-12-24,3778.8395405139977,future
2018-12-25,3111.75815642659,future
2018-12-26,2152.963302621538,future
2018-12-27,3252.866086137353,future
2018-12-28,3415.391027680688,future
2018-12-29,2912.4862439872322,future
2018-12-30,2987.0244693009267,future
